{
	"id": "f14045c2-d2b2-45ed-a55f-8134f550d9a0",
	"name": "Demo",
	"values": [
		{
			"key": "scsUrl",
			"value": "",
			"enabled": true
		},
		{
			"key": "scsBearerToken",
			"value": "",
			"enabled": true
		},
		{
			"key": "scsApiKey",
			"value": "",
			"enabled": true
		},
		{
			"key": "clientId",
			"value": "",
			"enabled": true
		},
		{
			"key": "clientKey",
			"value": "",
			"enabled": true
		},
		{
			"key": "randomName",
			"value": "",
			"enabled": true
		},
		{
			"key": "enrollmentToken",
			"value": "",
			"enabled": true
		},
		{
			"key": "causationId",
			"value": "",
			"enabled": true
		},
		{
			"key": "correlationId",
			"value": "",
			"enabled": true
		},
		{
			"key": "uuid",
			"value": "",
			"enabled": true
		},
		{
			"key": "scenarioId",
			"value": "",
			"enabled": true
		},
		{
			"key": "eventEvt",
			"value": "",
			"enabled": true
		},
		{
			"key": "eventId",
			"value": "",
			"enabled": true
		}
	],
	"_postman_variable_scope": "environment",
	"_postman_exported_at": "2020-09-04T14:52:49.657Z",
	"_postman_exported_using": "Postman/7.31.0"
}
